"Date","Price","Open","High","Low","Vol.","Change"
"Dec 31, 2018","3,709.4","3,815.1","3,819.6","3,658.8","545.83K","-2.77"
"Dec 30, 2018","3,815.0","3,708.2","3,837.7","3,682.5","519.17K","2.92"
"Dec 29, 2018","3,706.8","3,861.6","3,899.6","3,696.0","505.41K","-4.01"
"Dec 28, 2018","3,861.6","3,587.1","3,900.3","3,565.5","565.24K","7.66"
"Dec 27, 2018","3,586.9","3,793.4","3,822.6","3,560.8","543.44K","-5.45"
"Dec 26, 2018","3,793.7","3,762.8","3,841.9","3,680.3","567.11K","0.83"
"Dec 25, 2018","3,762.5","4,025.6","4,030.7","3,676.5","670.94K","-6.55"
"Dec 24, 2018","4,026.1","3,944.5","4,208.2","3,941.9","716.29K","2.07"
"Dec 23, 2018","3,944.4","3,964.3","4,037.1","3,904.6","572.21K","-0.50"
"Dec 22, 2018","3,964.4","3,850.9","3,977.2","3,803.7","554.59K","2.95"
"Dec 21, 2018","3,850.9","4,075.2","4,153.1","3,786.9","748.76K","-5.52"
"Dec 20, 2018","4,076.0","3,687.2","4,140.3","3,665.8","958.58K","10.55"
"Dec 19, 2018","3,687.1","3,668.1","3,924.7","3,647.5","792.40K","0.52"
"Dec 18, 2018","3,668.0","3,526.0","3,683.1","3,456.9","698.53K","4.02"
"Dec 17, 2018","3,526.1","3,248.3","3,597.4","3,243.1","534.78K","8.57"
"Dec 16, 2018","3,247.9","3,228.6","3,305.0","3,225.9","335.69K","0.60"
"Dec 15, 2018","3,228.7","3,247.8","3,282.3","3,177.0","332.95K","-0.59"
"Dec 14, 2018","3,247.8","3,315.4","3,336.6","3,199.1","445.56K","-2.04"
"Dec 13, 2018","3,315.3","3,466.2","3,474.4","3,284.8","435.89K","-4.35"
"Dec 12, 2018","3,466.1","3,390.2","3,510.2","3,379.4","391.17K","1.72"
"Dec 11, 2018","3,407.7","3,460.4","3,485.9","3,349.9","418.53K","-1.53"
"Dec 10, 2018","3,460.5","3,566.9","3,622.4","3,412.7","394.49K","-3.00"
"Dec 09, 2018","3,567.5","3,430.3","3,677.6","3,424.2","327.93K","4.00"
"Dec 08, 2018","3,430.4","3,422.3","3,507.7","3,302.9","424.40K","0.24"
"Dec 07, 2018","3,422.2","3,508.9","3,626.6","3,251.8","639.33K","-2.46"
"Dec 06, 2018","3,508.6","3,771.4","3,887.2","3,505.7","467.54K","-6.97"
"Dec 05, 2018","3,771.6","3,958.1","3,974.1","3,765.2","341.60K","-4.72"
"Dec 04, 2018","3,958.5","3,899.9","4,082.9","3,809.3","326.71K","1.56"
"Dec 03, 2018","3,897.8","4,160.3","4,177.0","3,839.9","355.10K","-6.31"
"Dec 02, 2018","4,160.4","4,196.2","4,316.1","4,105.3","298.63K","-0.85"
"Dec 01, 2018","4,196.2","4,038.7","4,299.1","3,967.1","316.30K","3.87"
"Nov 30, 2018","4,039.7","4,296.8","4,340.6","3,954.5","444.52K","-5.98"
"Nov 29, 2018","4,296.5","4,265.5","4,440.1","4,140.6","414.46K","0.73"
"Nov 28, 2018","4,265.4","3,866.4","4,391.8","3,866.4","533.04K","10.32"
"Nov 27, 2018","3,866.5","3,840.3","3,920.6","3,687.8","457.27K","0.77"
"Nov 26, 2018","3,837.0","4,061.0","4,179.0","3,679.8","571.04K","-5.54"
"Nov 25, 2018","4,062.2","3,920.3","4,198.4","3,634.2","619.95K","3.62"
"Nov 24, 2018","3,920.4","4,397.3","4,494.6","3,821.5","382.72K","-10.86"
"Nov 23, 2018","4,398.0","4,360.9","4,455.6","4,223.7","348.99K","0.96"
"Nov 22, 2018","4,356.0","4,646.4","4,695.7","4,346.7","261.85K","-6.09"
"Nov 21, 2018","4,638.7","4,523.0","4,743.7","4,393.0","412.74K","2.52"
"Nov 20, 2018","4,524.6","4,883.6","5,013.4","4,272.3","714.08K","-7.36"
"Nov 19, 2018","4,883.8","5,660.4","5,662.5","4,831.1","478.26K","-13.69"
"Nov 18, 2018","5,658.3","5,621.0","5,727.9","5,615.5","158.68K","0.65"
"Nov 17, 2018","5,621.8","5,636.2","5,645.5","5,561.4","156.51K","-0.26"
"Nov 16, 2018","5,636.2","5,723.5","5,747.7","5,539.7","224.12K","-1.45"
"Nov 15, 2018","5,718.9","5,854.0","5,878.5","5,384.1","375.86K","-2.11"
"Nov 14, 2018","5,842.4","6,428.9","6,453.3","5,619.2","438.21K","-9.13"
"Nov 13, 2018","6,429.2","6,435.0","6,466.8","6,386.7","137.60K","-0.09"
"Nov 12, 2018","6,435.0","6,445.0","6,475.9","6,409.4","130.16K","-0.17"
"Nov 11, 2018","6,446.1","6,427.1","6,451.7","6,359.0","127.40K","0.30"
"Nov 10, 2018","6,427.1","6,411.9","6,461.7","6,411.7","115.87K","0.24"
"Nov 09, 2018","6,412.0","6,473.8","6,496.1","6,390.0","151.60K","-0.96"
"Nov 08, 2018","6,474.0","6,565.3","6,577.3","6,466.3","159.30K","-1.39"
"Nov 07, 2018","6,565.3","6,503.1","6,594.3","6,502.0","170.76K","0.96"
"Nov 06, 2018","6,502.8","6,460.4","6,509.6","6,441.6","154.87K","0.67"
"Nov 05, 2018","6,459.7","6,478.2","6,489.2","6,431.7","128.51K","-0.29"
"Nov 04, 2018","6,478.2","6,386.2","6,508.9","6,359.7","128.76K","1.44"
"Nov 03, 2018","6,386.2","6,424.5","6,429.5","6,346.2","112.84K","-0.60"
"Nov 02, 2018","6,424.7","6,400.5","6,444.3","6,390.9","135.87K","0.38"
"Nov 01, 2018","6,400.5","6,365.9","6,421.8","6,354.2","124.16K","0.54"
"Oct 31, 2018","6,365.9","6,327.9","6,405.7","6,257.8","129.06K","0.64"
"Oct 30, 2018","6,325.7","6,336.7","6,469.9","6,316.5","128.21K","-0.15"
"Oct 29, 2018","6,335.0","6,486.1","6,498.4","6,310.5","160.52K","-2.33"
"Oct 28, 2018","6,486.1","6,494.6","6,502.2","6,461.2","93.97K","-0.12"
"Oct 27, 2018","6,494.2","6,510.0","6,534.0","6,473.7","76.72K","-0.24"
"Oct 26, 2018","6,510.0","6,507.0","6,570.5","6,498.5","97.17K","0.05"
"Oct 25, 2018","6,507.0","6,532.5","6,544.8","6,491.5","97.43K","-0.36"
"Oct 24, 2018","6,530.7","6,531.2","6,593.8","6,522.6","98.74K","0.03"
"Oct 23, 2018","6,528.7","6,558.6","6,573.6","6,500.5","108.86K","-0.41"
"Oct 22, 2018","6,555.8","6,583.0","6,612.7","6,529.5","101.57K","-0.41"
"Oct 21, 2018","6,583.0","6,575.9","6,643.1","6,568.0","92.94K","0.16"
"Oct 20, 2018","6,572.2","6,511.7","6,593.7","6,495.9","97.77K","0.92"
"Oct 19, 2018","6,512.0","6,576.4","6,603.2","6,506.9","121.44K","-0.94"
"Oct 18, 2018","6,574.1","6,690.1","6,736.3","6,530.6","134.15K","-1.68"
"Oct 17, 2018","6,686.6","6,718.9","6,745.9","6,637.8","136.71K","-0.28"
"Oct 16, 2018","6,705.3","6,712.4","6,836.7","6,645.4","155.85K","0.08"
"Oct 15, 2018","6,699.8","6,326.8","7,358.4","6,300.2","443.33K","5.90"
"Oct 14, 2018","6,326.8","6,321.6","6,390.9","6,300.0","99.38K","0.08"
"Oct 13, 2018","6,321.7","6,291.3","6,329.3","6,282.8","94.45K","0.48"
"Oct 12, 2018","6,291.3","6,239.2","6,344.8","6,206.8","147.40K","0.84"
"Oct 11, 2018","6,239.1","6,618.0","6,622.5","6,206.2","245.28K","-5.72"
"Oct 10, 2018","6,618.0","6,650.6","6,653.5","6,526.0","101.93K","-0.49"
"Oct 09, 2018","6,650.8","6,669.6","6,678.9","6,613.3","80.79K","-0.28"
"Oct 08, 2018","6,669.6","6,611.0","6,699.5","6,589.9","119.68K","0.89"
"Oct 07, 2018","6,611.0","6,596.3","6,633.9","6,523.8","77.06K","0.22"
"Oct 06, 2018","6,596.3","6,639.1","6,661.5","6,550.4","9.18M","-0.65"
"Oct 05, 2018","6,639.1","6,584.2","6,682.3","6,537.6","9.34M","0.83"
"Oct 04, 2018","6,584.2","6,509.2","6,653.0","6,487.8","9.31M","1.17"
"Oct 03, 2018","6,507.8","6,549.9","6,563.5","6,429.6","9.21M","-0.64"
"Oct 02, 2018","6,549.9","6,608.2","6,645.7","6,034.9","9.34M","-0.88"
"Oct 01, 2018","6,608.2","6,635.2","6,674.7","6,072.7","9.19M","-0.41"
"Sep 30, 2018","6,635.2","6,603.9","6,673.9","6,533.5","9.34M","0.47"
"Sep 29, 2018","6,603.9","6,633.9","6,648.4","6,464.4","9.42M","-0.48"
"Sep 28, 2018","6,636.0","6,685.7","6,809.2","6,538.6","9.57M","-0.79"
"Sep 27, 2018","6,689.2","6,463.7","6,738.3","6,428.8","9.34M","3.42"
"Sep 26, 2018","6,468.1","6,443.0","6,551.9","6,384.1","8.64M","0.36"
"Sep 25, 2018","6,445.1","6,590.6","6,590.6","5,977.0","7.34M","-2.11"
"Sep 24, 2018","6,584.1","6,713.3","6,728.1","6,559.1","7.57M","-1.79"
"Sep 23, 2018","6,704.1","6,729.6","6,789.4","6,666.4","7.34M","-0.38"
"Sep 22, 2018","6,729.6","6,766.7","6,833.3","6,635.5","7.31M","-0.55"
"Sep 21, 2018","6,766.7","6,490.9","6,780.5","6,489.8","7.73M","4.28"
"Sep 20, 2018","6,489.2","6,390.4","6,537.5","6,346.4","5.18M","1.55"
"Sep 19, 2018","6,390.4","6,342.0","6,478.7","6,144.5","3.54M","0.76"
"Sep 18, 2018","6,342.0","6,251.9","6,388.8","6,228.8","2.82M","1.44"
"Sep 17, 2018","6,251.9","6,500.2","6,533.5","6,215.9","3.26M","-3.82"
"Sep 16, 2018","6,500.2","6,519.0","6,520.8","6,406.2","3.34M","-0.29"
"Sep 15, 2018","6,519.0","6,482.6","6,562.9","6,470.3","3.16M","0.54"
"Sep 14, 2018","6,483.7","6,482.9","6,579.4","6,412.1","3.20M","0.01"
"Sep 13, 2018","6,482.9","6,338.0","6,867.3","6,337.8","3.53M","2.29"
"Sep 12, 2018","6,338.0","6,293.9","6,353.5","6,204.5","3.04M","0.70"
"Sep 11, 2018","6,293.9","6,320.7","6,391.8","6,189.6","3.30M","-0.43"
"Sep 10, 2018","6,321.0","6,238.5","6,358.5","6,237.3","3.11M","1.32"
"Sep 09, 2018","6,238.5","6,184.3","6,432.6","6,148.8","2.84M","0.88"
"Sep 08, 2018","6,184.3","6,390.9","6,484.3","6,132.3","3.46M","-3.23"
"Sep 07, 2018","6,390.9","6,514.1","6,540.6","6,316.2","3.30M","-1.89"
"Sep 06, 2018","6,514.0","6,706.8","6,732.9","6,337.8","4.02M","-2.87"
"Sep 05, 2018","6,706.8","7,377.5","7,407.5","6,691.8","4.55M","-9.09"
"Sep 04, 2018","7,377.5","7,264.2","7,409.9","7,234.5","3.92M","1.56"
"Sep 03, 2018","7,264.2","7,289.8","7,330.7","7,182.8","3.87M","-0.41"
"Sep 02, 2018","7,293.9","7,189.6","7,334.8","7,117.3","3.90M","1.45"
"Sep 01, 2018","7,189.6","7,032.4","7,264.3","7,020.4","3.52M","2.21"
"Aug 31, 2018","7,033.8","6,993.7","7,080.2","6,698.0","4.21M","0.57"
"Aug 30, 2018","6,993.7","7,029.2","7,050.2","6,798.0","3.74M","-0.50"
"Aug 29, 2018","7,029.1","7,074.6","7,121.4","6,926.7","4.11M","-0.64"
"Aug 28, 2018","7,074.6","6,897.6","7,129.7","6,861.2","3.79M","2.57"
"Aug 27, 2018","6,897.6","6,712.7","6,902.9","6,650.4","3.26M","2.75"
"Aug 26, 2018","6,712.7","6,734.9","6,892.7","6,573.1","3.37M","-0.33"
"Aug 25, 2018","6,734.8","6,680.6","6,783.4","6,655.3","3.59M","0.81"
"Aug 24, 2018","6,680.4","6,521.2","6,721.2","6,472.8","3.70M","2.44"
"Aug 23, 2018","6,521.2","6,359.9","6,550.2","6,359.2","2.76M","2.54"
"Aug 22, 2018","6,359.6","6,482.2","6,840.8","6,304.8","3.63M","-1.89"
"Aug 21, 2018","6,482.2","6,268.1","6,484.1","6,257.4","1.46M","3.41"
"Aug 20, 2018","6,268.1","6,474.2","6,516.4","6,255.9","3.10M","-3.29"
"Aug 19, 2018","6,481.5","6,379.1","6,534.8","6,316.0","2.71M","1.61"
"Aug 18, 2018","6,379.1","6,581.8","6,626.4","6,295.5","3.15M","-3.08"
"Aug 17, 2018","6,581.7","6,306.7","6,581.7","6,291.8","3.20M","4.36"
"Aug 16, 2018","6,306.7","6,256.9","6,470.9","6,249.8","3.50M","0.80"
"Aug 15, 2018","6,256.9","6,190.2","6,592.8","6,177.9","3.74M","1.08"
"Aug 14, 2018","6,190.2","6,255.3","6,255.3","5,898.3","3.66M","-1.04"
"Aug 13, 2018","6,255.3","6,313.0","6,524.1","6,159.6","234.09K","-0.91"
"Aug 12, 2018","6,313.0","6,232.1","6,453.0","6,169.8","216.33K","1.31"
"Aug 11, 2018","6,231.6","6,152.8","6,469.6","6,009.8","247.34K","1.29"
"Aug 10, 2018","6,152.3","6,539.5","6,570.2","6,043.4","298.82K","-5.91"
"Aug 09, 2018","6,538.8","6,283.7","6,620.2","6,197.0","237.66K","4.06"
"Aug 08, 2018","6,283.6","6,725.2","6,725.2","6,138.8","311.54K","-6.56"
"Aug 07, 2018","6,724.9","6,943.6","7,149.7","6,689.9","232.48K","-3.15"
"Aug 06, 2018","6,943.6","7,027.8","7,143.6","6,852.5","168.87K","-1.19"
"Aug 05, 2018","7,027.1","7,014.0","7,087.6","6,887.9","177.64K","0.18"
"Aug 04, 2018","7,014.3","7,418.9","7,484.2","6,949.7","222.57K","-5.46"
"Aug 03, 2018","7,419.0","7,535.6","7,535.6","7,293.5","226.46K","-1.55"
"Aug 02, 2018","7,535.6","7,606.4","7,701.4","7,470.6","216.34K","-0.93"
"Aug 01, 2018","7,606.4","7,728.5","7,753.2","7,449.2","237.69K","-1.59"
"Jul 31, 2018","7,729.4","8,176.4","8,176.5","7,649.8","266.94K","-5.48"
"Jul 30, 2018","8,177.1","8,214.7","8,262.0","7,874.4","242.21K","-0.47"
"Jul 29, 2018","8,215.6","8,231.5","8,275.4","8,113.3","155.24K","-0.22"
"Jul 28, 2018","8,234.1","8,186.8","8,234.1","8,077.4","147.14K","0.57"
"Jul 27, 2018","8,187.4","7,936.9","8,273.8","7,808.3","243.22K","3.15"
"Jul 26, 2018","7,937.0","8,173.9","8,304.3","7,861.0","235.45K","-2.90"
"Jul 25, 2018","8,173.7","8,404.9","8,484.6","8,062.1","269.23K","-2.78"
"Jul 24, 2018","8,407.0","7,723.1","8,479.8","7,701.9","345.32K","8.86"
"Jul 23, 2018","7,723.0","7,412.4","7,809.6","7,379.2","272.15K","4.19"
"Jul 22, 2018","7,412.3","7,409.0","7,575.3","7,343.7","204.16K","0.05"
"Jul 21, 2018","7,408.7","7,339.3","7,460.8","7,223.5","160.77K","0.95"
"Jul 20, 2018","7,339.4","7,477.6","7,683.6","7,292.0","258.85K","-1.85"
"Jul 19, 2018","7,477.5","7,383.9","7,558.4","7,288.8","247.25K","1.27"
"Jul 18, 2018","7,383.6","7,321.6","7,581.2","7,249.3","333.32K","0.84"
"Jul 17, 2018","7,322.0","6,729.8","7,453.2","6,666.0","337.75K","8.80"
"Jul 16, 2018","6,729.9","6,362.8","6,749.2","6,344.1","312.12K","5.77"
"Jul 15, 2018","6,362.9","6,254.8","6,399.6","6,238.5","180.67K","1.73"
"Jul 14, 2018","6,254.8","6,229.5","6,313.5","6,192.5","243.71K","0.40"
"Jul 13, 2018","6,230.2","6,250.8","6,333.8","6,144.5","233.22K","-0.33"
"Jul 12, 2018","6,250.6","6,389.1","6,389.4","6,088.8","289.24K","-2.17"
"Jul 11, 2018","6,389.1","6,307.2","6,409.7","6,296.6","243.82K","1.30"
"Jul 10, 2018","6,307.2","6,668.4","6,686.8","6,291.5","315.27K","-5.40"
"Jul 09, 2018","6,667.1","6,715.1","6,793.8","6,637.7","289.48K","-0.71"
"Jul 08, 2018","6,714.8","6,765.4","6,784.0","6,694.3","267.60K","-0.75"
"Jul 07, 2018","6,765.5","6,617.7","6,805.9","6,531.1","114.57K","2.23"
"Jul 06, 2018","6,617.7","6,546.5","6,638.2","6,458.3","132.69K","1.09"
"Jul 05, 2018","6,546.5","6,598.0","6,693.6","6,466.1","166.18K","-0.79"
"Jul 04, 2018","6,598.4","6,513.8","6,774.5","6,442.3","143.04K","1.30"
"Jul 03, 2018","6,513.5","6,618.6","6,676.6","6,513.5","150.19K","-1.60"
"Jul 02, 2018","6,619.5","6,349.1","6,680.0","6,275.0","179.92K","3.97"
"Jul 01, 2018","6,366.8","6,398.5","6,445.1","6,284.7","128.51K","-0.50"
"Jun 30, 2018","6,398.9","6,213.4","6,498.5","6,204.0","189.33K","2.99"
"Jun 29, 2018","6,213.3","5,883.2","6,284.9","5,818.5","206.96K","5.61"
"Jun 28, 2018","5,883.5","6,154.9","6,178.4","5,854.0","156.05K","-4.41"
"Jun 27, 2018","6,154.9","6,081.1","6,187.3","6,025.4","133.42K","1.20"
"Jun 26, 2018","6,082.1","6,256.9","6,267.7","6,060.0","176.66K","-2.79"
"Jun 25, 2018","6,256.6","6,155.1","6,331.2","6,101.7","210.69K","1.66"
"Jun 24, 2018","6,154.6","6,167.9","6,248.3","5,785.3","240.60K","-0.21"
"Jun 23, 2018","6,167.3","6,055.2","6,259.0","6,032.8","142.90K","1.84"
"Jun 22, 2018","6,055.7","6,728.2","6,739.7","5,955.0","278.22K","-9.99"
"Jun 21, 2018","6,728.0","6,765.8","6,797.5","6,695.1","99.29K","-0.55"
"Jun 20, 2018","6,765.4","6,752.3","6,812.7","6,575.1","121.48K","0.19"
"Jun 19, 2018","6,752.4","6,719.8","6,839.5","6,681.5","120.54K","0.49"
"Jun 18, 2018","6,719.8","6,460.5","6,794.5","6,410.9","135.70K","4.02"
"Jun 17, 2018","6,460.3","6,505.8","6,593.0","6,452.1","90.67K","-0.70"
"Jun 16, 2018","6,505.8","6,410.0","6,564.2","6,358.0","108.79K","1.49"
"Jun 15, 2018","6,410.3","6,647.3","6,655.8","6,395.7","143.53K","-3.56"
"Jun 14, 2018","6,647.1","6,312.3","6,711.5","6,283.6","201.54K","5.30"
"Jun 13, 2018","6,312.3","6,558.5","6,624.6","6,129.1","237.48K","-3.75"
"Jun 12, 2018","6,558.2","6,885.9","6,887.2","6,476.0","178.26K","-4.76"
"Jun 11, 2018","6,885.9","6,775.2","6,910.8","6,657.2","174.88K","1.64"
"Jun 10, 2018","6,775.1","7,515.8","7,516.3","6,668.1","275.69K","-9.85"
"Jun 09, 2018","7,515.8","7,622.1","7,689.0","7,493.3","97.56K","-1.40"
"Jun 08, 2018","7,622.1","7,697.9","7,710.5","7,556.9","112.88K","-0.98"
"Jun 07, 2018","7,697.8","7,661.0","7,754.7","7,657.7","124.00K","0.48"
"Jun 06, 2018","7,661.0","7,631.5","7,699.1","7,504.4","130.66K","0.39"
"Jun 05, 2018","7,631.5","7,507.4","7,672.6","7,391.0","145.23K","1.69"
"Jun 04, 2018","7,504.3","7,729.3","7,759.9","7,468.4","141.01K","-2.91"
"Jun 03, 2018","7,729.3","7,646.6","7,775.0","7,611.3","116.68K","1.08"
"Jun 02, 2018","7,646.6","7,530.8","7,694.5","7,467.9","121.18K","1.54"
"Jun 01, 2018","7,530.8","7,502.5","7,610.4","7,375.8","135.92K","0.38"
"May 31, 2018","7,502.6","7,400.8","7,611.9","7,355.0","144.52K","1.39"
"May 30, 2018","7,400.1","7,469.2","7,565.2","7,306.8","140.37K","-0.91"
"May 29, 2018","7,467.7","7,119.3","7,533.0","7,069.8","186.97K","4.89"
"May 28, 2018","7,119.3","7,367.3","7,446.9","7,090.6","152.29K","-3.36"
"May 27, 2018","7,366.7","7,361.9","7,411.8","7,267.5","103.29K","0.07"
"May 26, 2018","7,361.3","7,478.5","7,619.3","7,331.5","103.07K","-1.56"
"May 25, 2018","7,477.7","7,593.9","7,653.4","7,355.6","161.82K","-1.52"
"May 24, 2018","7,592.9","7,512.3","7,736.6","7,293.4","211.11K","1.07"
"May 23, 2018","7,512.3","8,005.7","8,047.4","7,467.6","237.60K","-6.17"
"May 22, 2018","8,006.0","8,403.8","8,414.5","7,979.3","137.51K","-4.73"
"May 21, 2018","8,403.3","8,529.5","8,550.6","8,375.5","115.52K","-1.47"
"May 20, 2018","8,529.0","8,243.9","8,580.4","8,184.7","113.76K","3.44"
"May 19, 2018","8,245.1","8,244.7","8,389.1","8,153.2","107.89K","-0.01"
"May 18, 2018","8,245.7","8,064.4","8,273.6","7,939.8","150.32K","2.27"
"May 17, 2018","8,063.0","8,344.6","8,458.7","8,022.3","154.36K","-3.37"
"May 16, 2018","8,344.4","8,477.0","8,496.4","8,120.1","188.03K","-1.56"
"May 15, 2018","8,477.0","8,674.0","8,842.1","8,436.5","179.62K","-2.27"
"May 14, 2018","8,674.1","8,693.4","8,878.3","8,305.1","212.05K","-0.22"
"May 13, 2018","8,693.5","8,489.1","8,758.4","8,330.0","149.80K","2.77"
"May 12, 2018","8,459.5","8,409.6","8,646.1","8,184.1","210.87K","0.61"
"May 11, 2018","8,408.3","9,026.0","9,028.7","8,359.6","270.62K","-6.84"
"May 10, 2018","9,025.7","9,319.2","9,393.3","9,013.4","152.71K","-3.15"
"May 09, 2018","9,319.1","9,194.9","9,377.9","8,988.0","147.89K","1.33"
"May 08, 2018","9,196.4","9,373.9","9,404.4","9,079.8","157.45K","-2.49"
"May 07, 2018","9,431.6","9,651.1","9,675.6","9,204.2","165.08K","-2.33"
"May 06, 2018","9,656.4","9,859.6","9,957.7","9,446.7","150.95K","-2.00"
"May 05, 2018","9,853.5","9,709.5","9,992.8","9,691.3","158.45K","1.49"
"May 04, 2018","9,708.6","9,747.6","9,800.9","9,549.0","161.55K","-0.42"
"May 03, 2018","9,749.7","9,244.2","9,809.4","9,171.4","201.18K","5.48"
"May 02, 2018","9,243.2","9,076.8","9,265.7","8,991.9","137.48K","1.85"
"May 01, 2018","9,074.9","9,245.1","9,245.1","8,851.0","173.35K","-1.84"
"Apr 30, 2018","9,245.1","9,415.8","9,456.7","9,135.4","156.83K","-1.80"
"Apr 29, 2018","9,415.1","9,352.2","9,565.1","9,182.8","184.72K","0.67"
"Apr 28, 2018","9,352.4","8,940.8","9,428.9","8,895.5","199.78K","4.60"
"Apr 27, 2018","8,940.9","9,282.8","9,386.3","8,920.2","184.91K","-3.73"
"Apr 26, 2018","9,287.0","8,874.5","9,303.6","8,669.8","248.39K","4.67"
"Apr 25, 2018","8,873.1","9,645.0","9,753.1","8,768.1","395.67K","-8.01"
"Apr 24, 2018","9,645.3","8,952.7","9,734.8","8,937.0","260.79K","7.73"
"Apr 23, 2018","8,952.8","8,809.3","9,001.0","8,785.3","147.54K","1.66"
"Apr 22, 2018","8,806.7","8,923.6","9,022.3","8,766.5","161.89K","-1.30"
"Apr 21, 2018","8,923.1","8,867.0","9,027.7","8,614.5","206.01K","0.63"
"Apr 20, 2018","8,867.0","8,292.3","8,926.2","8,224.5","225.96K","6.95"
"Apr 19, 2018","8,290.8","8,179.0","8,303.7","8,126.7","155.08K","1.37"
"Apr 18, 2018","8,178.4","7,908.5","8,227.6","7,895.3","163.26K","3.41"
"Apr 17, 2018","7,908.6","8,070.0","8,171.7","7,852.8","162.59K","-2.00"
"Apr 16, 2018","8,070.0","8,362.2","8,412.9","7,908.5","197.70K","-3.51"
"Apr 15, 2018","8,363.6","8,004.6","8,411.5","8,004.6","160.26K","4.49"
"Apr 14, 2018","8,004.4","7,891.1","8,180.2","7,839.3","164.71K","1.48"
"Apr 13, 2018","7,887.4","7,926.9","8,228.0","7,756.6","296.95K","-0.49"
"Apr 12, 2018","7,926.6","6,963.3","8,009.6","6,779.3","398.30K","13.85"
"Apr 11, 2018","6,962.1","6,855.6","6,988.6","6,818.4","142.07K","1.56"
"Apr 10, 2018","6,854.8","6,782.6","6,899.5","6,671.6","134.23K","1.08"
"Apr 09, 2018","6,781.9","7,035.7","7,192.5","6,633.2","241.19K","-3.54"
"Apr 08, 2018","7,030.5","6,905.9","7,113.4","6,903.9","132.51K","1.81"
"Apr 07, 2018","6,905.7","6,624.5","7,071.9","6,616.1","177.10K","4.25"
"Apr 06, 2018","6,624.3","6,783.7","6,859.7","6,523.4","174.90K","-2.33"
"Apr 05, 2018","6,782.0","6,808.7","6,918.2","6,592.5","221.70K","-0.40"
"Apr 04, 2018","6,808.9","7,423.8","7,432.9","6,726.9","239.51K","-8.29"
"Apr 03, 2018","7,424.2","7,067.2","7,519.3","7,032.9","230.80K","5.03"
"Apr 02, 2018","7,068.4","6,825.4","7,121.3","6,787.6","199.31K","3.56"
"Apr 01, 2018","6,825.2","6,939.1","7,047.7","6,460.1","257.53K","-1.63"
"Mar 31, 2018","6,938.2","6,856.5","7,221.5","6,804.9","245.30K","1.23"
"Mar 30, 2018","6,853.7","7,132.4","7,288.1","6,603.8","417.31K","-3.86"
"Mar 29, 2018","7,129.2","7,955.2","7,980.7","6,954.9","348.75K","-10.38"
"Mar 28, 2018","7,954.9","7,803.0","8,110.4","7,754.5","167.36K","1.96"
"Mar 27, 2018","7,801.7","8,146.5","8,218.3","7,760.6","223.10K","-4.20"
"Mar 26, 2018","8,143.5","8,474.0","8,515.7","7,865.9","247.18K","-3.89"
"Mar 25, 2018","8,473.2","8,549.1","8,679.0","8,392.2","149.52K","-0.87"
"Mar 24, 2018","8,547.4","8,917.3","9,008.8","8,523.6","177.43K","-4.14"
"Mar 23, 2018","8,916.8","8,725.3","8,917.0","8,305.6","210.11K","2.18"
"Mar 22, 2018","8,726.2","8,903.7","9,096.2","8,499.1","223.01K","-2.02"
"Mar 21, 2018","8,905.9","8,912.4","9,173.4","8,775.1","218.19K","-0.08"
"Mar 20, 2018","8,912.6","8,614.1","9,039.6","8,326.8","253.44K","3.43"
"Mar 19, 2018","8,616.8","8,200.9","8,698.3","8,127.7","316.96K","5.07"
"Mar 18, 2018","8,201.2","7,873.2","8,283.6","7,323.3","348.02K","4.14"
"Mar 17, 2018","7,874.9","8,198.0","8,344.8","7,760.2","208.05K","-5.00"
"Mar 16, 2018","8,289.2","8,264.3","8,604.8","7,929.1","236.13K","0.30"
"Mar 15, 2018","8,264.4","8,210.2","8,427.0","7,691.7","326.53K","0.66"
"Mar 14, 2018","8,210.6","9,154.9","9,353.4","7,958.5","305.45K","-10.32"
"Mar 13, 2018","9,154.9","9,138.7","9,482.0","8,875.1","239.46K","0.19"
"Mar 12, 2018","9,137.4","9,535.8","9,892.2","8,804.1","257.91K","-4.12"
"Mar 11, 2018","9,529.6","8,732.2","9,719.6","8,516.4","266.59K","8.76"
"Mar 10, 2018","8,762.0","9,216.2","9,500.0","8,691.1","198.73K","-4.94"
"Mar 09, 2018","9,217.0","9,301.9","9,420.5","8,351.0","371.46K","-0.89"
"Mar 08, 2018","9,300.0","9,910.7","10,109.0","9,037.0","256.26K","-6.09"
"Mar 07, 2018","9,902.9","10,779.0","10,899.0","9,422.1","284.54K","-7.23"
"Mar 06, 2018","10,675.1","11,314.2","11,316.4","10,412.0","230.65K","-5.78"
"Mar 05, 2018","11,330.6","11,415.7","11,506.9","11,281.2","162.11K","-0.75"
"Mar 04, 2018","11,416.5","11,402.8","11,490.3","10,878.4","156.40K","0.12"
"Mar 03, 2018","11,402.3","10,822.5","11,420.7","9,585.5","172.20K","5.31"
"Mar 02, 2018","10,827.7","10,904.5","11,167.0","10,677.1","201.69K","-0.70"
"Mar 01, 2018","10,904.5","10,335.1","11,047.8","10,248.7","188.77K","5.52"
"Feb 28, 2018","10,333.9","10,584.4","11,070.7","10,303.4","215.22K","-2.46"
"Feb 27, 2018","10,594.4","10,287.8","10,867.2","10,120.5","202.58K","3.01"
"Feb 26, 2018","10,285.1","9,590.9","10,378.4","9,410.3","235.94K","7.30"
"Feb 25, 2018","9,585.2","9,703.1","9,860.3","9,330.1","196.49K","-1.23"
"Feb 24, 2018","9,704.3","10,163.8","10,506.1","9,394.5","239.16K","-4.58"
"Feb 23, 2018","10,170.4","9,840.6","10,419.1","9,597.8","271.50K","3.34"
"Feb 22, 2018","9,841.7","10,470.1","10,930.2","9,743.9","316.63K","-6.03"
"Feb 21, 2018","10,473.0","11,240.9","11,289.7","10,252.2","327.14K","-6.81"
"Feb 20, 2018","11,238.7","11,169.7","11,791.5","11,119.9","267.56K","0.62"
"Feb 19, 2018","11,169.4","10,396.6","11,250.5","10,324.8","215.20K","7.41"
"Feb 18, 2018","10,398.8","11,073.7","11,271.6","10,137.2","288.91K","-6.09"
"Feb 17, 2018","11,073.5","10,177.3","11,095.9","10,070.9","224.76K","8.79"
"Feb 16, 2018","10,178.7","10,031.3","10,294.3","9,707.7","206.44K","1.41"
"Feb 15, 2018","10,037.3","9,475.6","10,206.8","9,348.5","291.28K","5.92"
"Feb 14, 2018","9,476.3","8,542.6","9,500.0","8,541.6","246.88K","10.97"
"Feb 13, 2018","8,539.2","8,906.2","8,942.7","8,378.0","195.87K","-4.09"
"Feb 12, 2018","8,903.5","8,083.6","8,984.9","8,083.6","238.67K","10.17"
"Feb 11, 2018","8,081.9","8,559.7","8,564.2","7,843.7","236.20K","-5.58"
"Feb 10, 2018","8,559.6","8,697.3","9,066.6","8,172.2","263.53K","-1.61"
"Feb 09, 2018","8,699.8","8,163.6","8,735.6","7,784.6","233.94K","6.56"
"Feb 08, 2018","8,164.2","7,595.1","8,489.9","7,595.1","296.10K","7.50"
"Feb 07, 2018","7,594.7","7,693.8","8,536.5","7,196.6","445.62K","-1.38"
"Feb 06, 2018","7,701.2","6,939.3","7,896.2","5,996.6","886.88K","10.99"
"Feb 05, 2018","6,938.5","8,220.8","8,383.2","6,651.9","593.89K","-15.61"
"Feb 04, 2018","8,222.2","9,241.5","9,382.1","7,932.1","280.94K","-11.03"
"Feb 03, 2018","9,241.1","8,894.4","9,506.9","8,249.3","248.71K","3.91"
"Feb 02, 2018","8,893.2","9,179.8","9,201.4","7,915.8","519.40K","-3.14"
"Feb 01, 2018","9,181.1","10,266.2","10,303.0","8,789.2","358.40K","-10.56"
"Jan 31, 2018","10,265.4","10,166.3","10,397.7","9,742.2","208.47K","0.98"
"Jan 30, 2018","10,166.0","11,244.5","11,277.2","9,917.7","264.72K","-9.59"
"Jan 29, 2018","11,244.8","11,794.9","11,888.1","11,119.0","137.42K","-4.67"
"Jan 28, 2018","11,795.1","11,471.2","12,112.7","11,433.3","154.63K","2.86"
"Jan 27, 2018","11,467.5","11,118.0","11,621.7","10,908.4","163.49K","3.14"
"Jan 26, 2018","11,118.1","11,203.1","11,655.3","10,389.4","253.91K","-0.76"
"Jan 25, 2018","11,203.0","11,439.9","11,740.9","10,983.8","181.81K","-2.18"
"Jan 24, 2018","11,452.3","10,899.4","11,549.5","10,584.5","136.06K","5.04"
"Jan 23, 2018","10,903.2","10,869.0","11,438.0","10,056.6","188.37K","0.35"
"Jan 22, 2018","10,864.8","11,597.5","11,970.9","10,136.8","201.73K","-6.30"
"Jan 21, 2018","11,594.9","12,857.1","12,860.2","11,164.5","206.96K","-9.83"
"Jan 20, 2018","12,858.9","11,579.2","13,082.2","11,567.3","143.90K","11.04"
"Jan 19, 2018","11,580.2","11,229.6","11,973.2","10,901.5","170.74K","2.98"
"Jan 18, 2018","11,245.4","11,202.0","12,004.7","10,660.2","242.45K","0.47"
"Jan 17, 2018","11,192.3","11,357.7","11,769.6","9,271.3","361.80K","-1.49"
"Jan 16, 2018","11,362.0","13,704.4","13,711.0","10,050.7","317.10K","-17.05"
"Jan 15, 2018","13,697.5","13,695.5","14,396.6","13,475.4","73.27K","0.02"
"Jan 14, 2018","13,695.2","14,291.9","14,446.1","13,094.7","85.12K","-4.18"
"Jan 13, 2018","14,292.2","13,896.0","14,640.7","13,888.2","61.14K","2.92"
"Jan 12, 2018","13,886.7","13,529.2","14,176.4","13,410.0","82.37K","2.60"
"Jan 11, 2018","13,535.4","15,046.7","15,109.1","13,048.3","167.81K","-10.02"
"Jan 10, 2018","15,043.0","14,778.5","15,045.4","13,613.1","87.07K","1.79"
"Jan 09, 2018","14,778.5","14,976.2","15,324.6","14,613.4","71.40K","-1.32"
"Jan 08, 2018","14,976.2","16,228.3","16,302.9","13,902.3","142.45K","-7.71"
"Jan 07, 2018","16,228.2","17,174.5","17,184.8","15,791.1","79.01K","-5.50"
"Jan 06, 2018","17,172.3","16,954.8","17,252.8","16,286.6","83.93K","1.28"
"Jan 05, 2018","16,954.8","15,180.1","17,126.9","14,832.4","141.96K","11.69"
"Jan 04, 2018","15,180.1","15,156.5","15,408.7","14,244.7","110.97K","0.15"
"Jan 03, 2018","15,156.6","14,754.1","15,435.0","14,579.7","106.54K","2.73"
"Jan 02, 2018","14,754.1","13,444.9","15,306.1","12,934.2","137.73K","9.74"
"Jan 01, 2018","13,444.9","13,850.5","13,921.5","12,877.7","78.43K","-2.93"
